dataset,variant,seed,full,marg,dep,dep_cross,mle_f1,mle_recall
default,FF,0,0.9996908888888889,0.5028395,0.4968513888888889,0.0003862222222221767,0.06741573033707865,0.04047976011994003
default,TabbyFlow,0,0.6152687777777778,0.5279096111111111,0.08735916666666665,0.01574533333333339,0.4538878842676311,0.37631184407796103
default,Oracle,0,0.5009262777777778,0.5176854444444444,-0.01675916666666666,-0.0021148888888889994,0.4835988753514527,0.3868065967016492
default,FF,1,0.9998252222222223,0.5175170555555555,0.48230816666666676,0.0004478888888889143,0.04987531172069826,0.029985007496251874
default,TabbyFlow,1,0.6014547222222223,0.5373518888888889,0.06410283333333344,0.004505666666666741,0.46126447016918964,0.38830584707646176
default,Oracle,1,0.5051158333333334,0.510881,-0.005765166666666599,0.0006721666666666959,0.48015122873345933,0.3808095952023988
default,FF,2,0.9996977777777778,0.5044796666666667,0.49521811111111114,0.0006935555555557249,0.12097560975609756,0.09295352323838081
default,TabbyFlow,2,0.6150136666666667,0.5419048888888889,0.0731087777777778,0.0074442222222222965,0.4528301886792453,0.3778110944527736
default,Oracle,2,0.509098,0.5047695555555556,0.004328444444444468,0.00766744444444456,0.45353159851301117,0.3658170914542729
default,FF,3,0.9997306666666668,0.5055406666666666,0.49419000000000013,0.00043711111111122136,0.136986301369863,0.08995502248875563
default,TabbyFlow,3,0.6129026111111111,0.5221706666666667,0.09073194444444443,0.006263222222222198,0.4514959202175884,0.3733133433283358
default,Oracle,3,0.5106265555555556,0.5372071666666667,-0.026580611111111097,0.007238222222222257,0.4423791821561338,0.3568215892053973
default,FF,4,0.9997654444444444,0.5136825,0.48608294444444433,0.0003435555555554304,0.05759162303664921,0.03298350824587706
default,TabbyFlow,4,0.6221042222222223,0.5534453333333333,0.06865888888888894,0.013889499999999999,0.4422202001819836,0.36431784107946025
default,Oracle,4,0.5024326111111111,0.5206564444444445,-0.018223833333333328,0.001330111111111143,0.47438330170777987,0.3748125937031484
